Id,Year,Month,GroupName,Attacked,City,Area,Reason of protest,Chant,TimeofDay,DayofWeek,Notes
1,2015,10,Civil Protesters,FALSE,Cairo,NONE,NONE,العيش والحرية,NONE,NONE,NONE
2,2015,10,Civil Protesters,TRUE,Cairo,NONE,NONE,NONE,NONE,NONE,NONE
3,2015,10,Civil Protesters,FALSE,Cairo,NONE,NONE,NONE,NONE,NONE,NONE
4,2015,10,Civil Protesters,FALSE,Cairo,NONE,NONE,NONE,NONE,NONE,NONE
5,2015,10,Muslim Brotherhood,FALSE,Alexandria,NONE,NONE,يسقط حكم العسكر,NONE,NONE,NONE
6,2015,10,Muslim Brotherhood,FALSE,الجيزة,NONE,NONE,يسقط حكم العسكر,NONE,NONE,NONE
7,2015,10,Muslim Brotherhood,TRUE,الجيزة,NONE,NONE,يسقط حكم العسكر,NONE,NONE,NONE
8,2015,10,Muslim Brotherhood,FALSE,Cairo,NONE,NONE,يسقط حكم العسكر,NONE,NONE,NONE
9,2015,10,Muslim Brotherhood,TRUE,Cairo,NONE,NONE,يسقط حكم العسكر,NONE,NONE,NONE
10,2015,10,Muslim Brotherhood,TRUE,Cairo,NONE,NONE,يسقط حكم العسكر,NONE,NONE,NONE
11,2015,10,Muslim Brotherhood,TRUE,الجيزة,NONE,NONE,يسقط حكم العسكر,NONE,NONE,NONE
12,2015,10,Muslim Brotherhood,TRUE,الجيزة,NONE,NONE,يسقط حكم العسكر,NONE,NONE,NONE
13,2015,10,Muslim Brotherhood,FALSE,المنوفية,NONE,NONE,يسقط حكم العسكر,NONE,NONE,NONE
14,2015,10,Muslim Brotherhood,TRUE,الشرقية,NONE,NONE,يسقط حكم العسكر,NONE,NONE,NONE
15,2015,10,Muslim Brotherhood,FALSE,الفيوم,NONE,NONE,يسقط حكم العسكر,NONE,NONE,NONE
16,2015,10,Muslim Brotherhood,FALSE,الشرقية,NONE,NONE,يسقط حكم العسكر,NONE,NONE,NONE
17,2015,10,Muslim Brotherhood,FALSE,بني سويف,NONE,NONE,يسقط حكم العسكر,NONE,NONE,NONE
18,2015,10,Muslim Brotherhood,FALSE,دمياط,NONE,NONE,يسقط حكم العسكر,NONE,NONE,NONE
19,2015,10,Muslim Brotherhood,TRUE,الجيزة,NONE,NONE,يسقط حكم العسكر,NONE,NONE,NONE
20,2015,10,Muslim Brotherhood,TRUE,Cairo,NONE,NONE,يسقط حكم العسكر,NONE,NONE,NONE
21,2015,10,Muslim Brotherhood,TRUE,Cairo,NONE,NONE,يسقط حكم العسكر,NONE,NONE,NONE
22,2015,10,Muslim Brotherhood,FALSE,Cairo,NONE,NONE,يسقط حكم العسكر,NONE,NONE,NONE
23,2015,10,Muslim Brotherhood,FALSE,Cairo,NONE,NONE,يسقط حكم العسكر,NONE,NONE,NONE
24,2015,10,Muslim Brotherhood,TRUE,الجيزة,NONE,NONE,يسقط حكم العسكر,NONE,NONE,NONE
25,2015,10,Muslim Brotherhood,TRUE,الجيزة,NONE,NONE,يسقط حكم العسكر,NONE,NONE,NONE
26,2015,10,Muslim Brotherhood,TRUE,الجيزة,NONE,NONE,يسقط حكم العسكر,NONE,NONE,NONE
27,2015,10,Muslim Brotherhood,FALSE,الجيزة,NONE,NONE,يسقط حكم العسكر,NONE,NONE,NONE
28,2015,10,Muslim Brotherhood,FALSE,بني سويف,NONE,NONE,يسقط حكم العسكر,NONE,NONE,NONE
29,2015,10,Muslim Brotherhood,FALSE,الشرقية,NONE,NONE,يسقط حكم العسكر,NONE,NONE,NONE
30,2015,10,Muslim Brotherhood,FALSE,القليوبية,NONE,NONE,يسقط حكم العسكر,NONE,NONE,NONE
31,2015,10,Muslim Brotherhood,FALSE,القليوبية,NONE,NONE,يسقط حكم العسكر,NONE,NONE,NONE
32,2015,10,Muslim Brotherhood,FALSE,الفيوم,NONE,NONE,يسقط حكم العسكر,NONE,NONE,NONE
33,2015,10,Muslim Brotherhood,FALSE,Alexandria,NONE,NONE,يسقط حكم العسكر,NONE,NONE,NONE
34,2015,10,Muslim Brotherhood,FALSE,Alexandria,NONE,NONE,يسقط حكم العسكر,NONE,NONE,NONE
35,2015,10,Student,TRUE,Cairo,NONE,NONE,NONE,NONE,NONE,NONE
36,2015,10,Student,FALSE,Cairo,NONE,NONE,NONE,NONE,NONE,NONE
37,2015,10,Student,FALSE,Cairo,NONE,NONE,NONE,NONE,NONE,NONE
38,2015,10,Student,TRUE,Cairo,NONE,NONE,NONE,NONE,NONE,NONE
39,2015,10,Student,FALSE,Cairo,NONE,NONE,NONE,NONE,NONE,NONE
40,2015,10,Student,TRUE,Cairo,NONE,NONE,NONE,NONE,NONE,NONE
41,2015,10,Student,FALSE,المنصورة,NONE,NONE,NONE,NONE,NONE,NONE
42,2015,10,social and workers protestors,FALSE,الغربية,NONE,NONE,NONE,NONE,NONE,NONE
43,2015,10,social and workers protestors,FALSE,الدقهلية,NONE,NONE,تجاهل الدولة,NONE,NONE,NONE
44,2015,10,social and workers protestors,FALSE,Cairo,NONE,NONE,NONE,NONE,NONE,NONE
45,2015,10,social and workers protestors,FALSE,الاسكندريه,NONE,NONE,NONE,NONE,NONE,NONE
46,2015,10,social and workers protestors,FALSE,السويس,NONE,NONE,NONE,NONE,NONE,NONE
47,2015,10,social and workers protestors,FALSE,Alexandria,NONE,NONE,NONE,NONE,NONE,NONE
48,2015,10,social and workers protestors,FALSE,Cairo,NONE,NONE,NONE,NONE,NONE,NONE
49,2015,10,social and workers protestors,FALSE,Cairo,NONE,NONE,NONE,NONE,NONE,NONE
50,2015,10,social and workers protestors,FALSE,Cairo,NONE,NONE,NONE,NONE,NONE,NONE
51,2015,10,social and workers protestors,TRUE,Alexandria,NONE,NONE,NONE,NONE,NONE,NONE
52,2015,10,social and workers protestors,FALSE,الغربية,NONE,NONE,NONE,NONE,NONE,NONE
53,2015,10,social and workers protestors,FALSE,السويس,NONE,NONE,NONE,NONE,NONE,NONE
54,2015,10,social and workers protestors,FALSE,Cairo,NONE,NONE,NONE,NONE,NONE,NONE
55,2015,10,social and workers protestors,FALSE,Cairo,NONE,NONE,NONE,NONE,NONE,NONE
56,2015,10,social and workers protestors,FALSE,الدقهلية,NONE,NONE,NONE,NONE,NONE,NONE
57,2015,10,social and workers protestors,FALSE,طنطا,NONE,NONE,NONE,NONE,NONE,NONE
58,2015,10,social and workers protestors,FALSE,الغربية,NONE,NONE,NONE,NONE,NONE,NONE
59,2015,10,social and workers protestors,FALSE,Cairo,NONE,NONE,NONE,NONE,NONE,NONE
60,2015,10,social and workers protestors,FALSE,البحيرة,NONE,NONE,NONE,NONE,NONE,NONE
61,2015,10,social and workers protestors,FALSE,الشرقية,NONE,NONE,NONE,NONE,NONE,NONE
62,2015,11,Civil Protesters,FALSE,Cairo,NONE,NONE,NONE,NONE,NONE,NONE
63,2015,11,Civil Protesters,FALSE,Cairo,NONE,NONE,NONE,NONE,NONE,NONE
64,2015,11,Civil Protesters,TRUE,Cairo,NONE,NONE,NONE,NONE,NONE,NONE
65,2015,11,Civil Protesters,TRUE,Cairo,NONE,NONE,NONE,NONE,NONE,NONE
66,2015,11,Civil Protesters,TRUE,الاقصر,NONE,NONE,NONE,NONE,NONE,NONE
67,2015,11,Muslim Brotherhood,TRUE,Cairo,NONE,NONE,يسقط حكم العسكر,NONE,NONE,NONE
68,2015,11,Muslim Brotherhood,FALSE,Cairo,NONE,NONE,يسقط حكم العسكر,NONE,NONE,NONE
69,2015,11,Muslim Brotherhood,TRUE,Cairo,NONE,NONE,يسقط حكم العسكر,NONE,NONE,NONE
70,2015,11,Muslim Brotherhood,FALSE,Cairo,NONE,NONE,يسقط حكم العسكر,NONE,NONE,NONE
71,2015,11,Muslim Brotherhood,FALSE,الجيزة,NONE,NONE,يسقط حكم العسكر,NONE,NONE,NONE
72,2015,11,Muslim Brotherhood,FALSE,الجيزة,NONE,NONE,يسقط حكم العسكر,NONE,NONE,NONE
73,2015,11,Muslim Brotherhood,FALSE,الجيزة,NONE,NONE,يسقط حكم العسكر,NONE,NONE,NONE
74,2015,11,Muslim Brotherhood,TRUE,الجيزة,NONE,NONE,يسقط حكم العسكر,NONE,NONE,NONE
75,2015,11,Muslim Brotherhood,TRUE,الجيزة,NONE,NONE,يسقط حكم العسكر,NONE,NONE,NONE
76,2015,11,Muslim Brotherhood,TRUE,الجيزة,NONE,NONE,يسقط حكم العسكر,NONE,NONE,NONE
77,2015,11,Muslim Brotherhood,FALSE,القليوبية,NONE,NONE,يسقط حكم العسكر,NONE,NONE,NONE
78,2015,11,Muslim Brotherhood,FALSE,القليوب,NONE,NONE,يسقط حكم العسكر,NONE,NONE,NONE
79,2015,11,Muslim Brotherhood,FALSE,Alexandria,NONE,NONE,يسقط حكم العسكر,NONE,NONE,NONE
80,2015,11,Muslim Brotherhood,FALSE,كفر الشيخ,NONE,NONE,يسقط حكم العسكر,NONE,NONE,NONE
81,2015,11,Muslim Brotherhood,FALSE,المنوفية,NONE,NONE,يسقط حكم العسكر,NONE,NONE,NONE
82,2015,11,Muslim Brotherhood,FALSE,Alexandria,NONE,NONE,يسقط حكم العسكر,NONE,NONE,NONE
83,2015,11,Muslim Brotherhood,FALSE,Cairo,NONE,NONE,يسقط حكم العسكر,NONE,NONE,NONE
84,2015,11,Muslim Brotherhood,TRUE,Cairo,NONE,NONE,يسقط حكم العسكر,NONE,NONE,NONE
85,2015,11,Muslim Brotherhood,FALSE,Cairo,NONE,NONE,يسقط حكم العسكر,NONE,NONE,NONE
86,2015,11,Muslim Brotherhood,TRUE,Cairo,NONE,NONE,يسقط حكم العسكر,NONE,NONE,NONE
87,2015,11,Muslim Brotherhood,TRUE,Cairo,NONE,NONE,يسقط حكم العسكر,NONE,NONE,NONE
88,2015,11,Muslim Brotherhood,TRUE,Cairo,NONE,NONE,يسقط حكم العسكر,NONE,NONE,NONE
89,2015,11,Muslim Brotherhood,FALSE,الجيزة,NONE,NONE,يسقط حكم العسكر,NONE,NONE,NONE
90,2015,11,Muslim Brotherhood,FALSE,الجيزة,NONE,NONE,يسقط حكم العسكر,NONE,NONE,NONE
91,2015,11,Muslim Brotherhood,TRUE,الجيزة,NONE,NONE,يسقط حكم العسكر,NONE,NONE,NONE
92,2015,11,Muslim Brotherhood,TRUE,الجيزة,NONE,NONE,يسقط حكم العسكر,NONE,NONE,NONE
93,2015,11,Muslim Brotherhood,FALSE,الجيزة,NONE,NONE,يسقط حكم العسكر,NONE,NONE,NONE
94,2015,11,Muslim Brotherhood,FALSE,كفر الشيخ,NONE,NONE,يسقط حكم العسكر,NONE,NONE,NONE
95,2015,11,Muslim Brotherhood,FALSE,كفر الشيخ,NONE,NONE,يسقط حكم العسكر,NONE,NONE,NONE
96,2015,11,Muslim Brotherhood,FALSE,الشرقية,NONE,NONE,يسقط حكم العسكر,NONE,NONE,NONE
97,2015,11,Muslim Brotherhood,TRUE,الشرقية,NONE,NONE,يسقط حكم العسكر,NONE,NONE,NONE
98,2015,11,Muslim Brotherhood,FALSE,الشرقية,NONE,NONE,يسقط حكم العسكر,NONE,NONE,NONE
99,2015,11,Muslim Brotherhood,FALSE,بني سويف,NONE,NONE,يسقط حكم العسكر,NONE,NONE,NONE
100,2015,11,Muslim Brotherhood,FALSE,دمياط,NONE,NONE,يسقط حكم العسكر,NONE,NONE,NONE
101,2015,11,Muslim Brotherhood,FALSE,دمياط,NONE,NONE,يسقط حكم العسكر,NONE,NONE,NONE
102,2015,11,Muslim Brotherhood,TRUE,Cairo,NONE,NONE,يسقط حكم العسكر,NONE,NONE,NONE
103,2015,11,Muslim Brotherhood,TRUE,Cairo,NONE,NONE,يسقط حكم العسكر,NONE,NONE,NONE
104,2015,11,Muslim Brotherhood,TRUE,Cairo,NONE,NONE,يسقط حكم العسكر,NONE,NONE,NONE
105,2015,11,Muslim Brotherhood,FALSE,Cairo,NONE,NONE,يسقط حكم العسكر,NONE,NONE,NONE
106,2015,11,Muslim Brotherhood,FALSE,Cairo,NONE,NONE,يسقط حكم العسكر,NONE,NONE,NONE
107,2015,11,Muslim Brotherhood,FALSE,Cairo,NONE,NONE,يسقط حكم العسكر,NONE,NONE,NONE
108,2015,11,Muslim Brotherhood,TRUE,الجيزة,NONE,NONE,يسقط حكم العسكر,NONE,NONE,NONE
109,2015,11,Muslim Brotherhood,TRUE,الجيزة,NONE,NONE,يسقط حكم العسكر,NONE,NONE,NONE
110,2015,11,Muslim Brotherhood,FALSE,الجيزة,NONE,NONE,يسقط حكم العسكر,NONE,NONE,NONE
111,2015,11,Muslim Brotherhood,FALSE,الجيزة,NONE,NONE,يسقط حكم العسكر,NONE,NONE,NONE
112,2015,11,Muslim Brotherhood,TRUE,الجيزة,NONE,NONE,يسقط حكم العسكر,NONE,NONE,NONE
113,2015,11,Muslim Brotherhood,FALSE,Alexandria,NONE,NONE,يسقط حكم العسكر,NONE,NONE,NONE
114,2015,11,Muslim Brotherhood,FALSE,Alexandria,NONE,NONE,يسقط حكم العسكر,NONE,NONE,NONE
115,2015,11,Muslim Brotherhood,FALSE,الشرقية,NONE,NONE,يسقط حكم العسكر,NONE,NONE,NONE
116,2015,11,Muslim Brotherhood,TRUE,الشرقية,NONE,NONE,يسقط حكم العسكر,NONE,NONE,NONE
117,2015,11,Muslim Brotherhood,FALSE,الشرقية,NONE,NONE,يسقط حكم العسكر,NONE,NONE,NONE
118,2015,11,Muslim Brotherhood,FALSE,الفيوم,NONE,NONE,يسقط حكم العسكر,NONE,NONE,NONE
119,2015,11,Muslim Brotherhood,FALSE,الفيوم,NONE,NONE,يسقط حكم العسكر,NONE,NONE,NONE
120,2015,11,Muslim Brotherhood,FALSE,بني سويف,NONE,NONE,يسقط حكم العسكر,NONE,NONE,NONE
121,2015,11,Muslim Brotherhood,FALSE,دمياط,NONE,NONE,يسقط حكم العسكر,NONE,NONE,NONE
122,2015,11,Student,FALSE,Cairo,NONE,NONE,NONE,NONE,NONE,NONE
123,2015,11,Student,FALSE,Cairo,NONE,NONE,NONE,NONE,NONE,NONE
124,2015,11,Student,FALSE,الشرقية,NONE,NONE,NONE,NONE,NONE,NONE
125,2015,11,Student,TRUE,Cairo,NONE,NONE,NONE,NONE,NONE,NONE
126,2015,11,Student,TRUE,Cairo,NONE,NONE,NONE,NONE,NONE,NONE
127,2015,11,social and workers protestors,TRUE,Cairo,NONE,NONE,NONE,NONE,NONE,NONE
128,2015,11,social and workers protestors,FALSE,Cairo,NONE,NONE,NONE,NONE,NONE,NONE
129,2015,11,social and workers protestors,TRUE,Cairo,NONE,NONE,NONE,NONE,NONE,NONE
130,2015,11,social and workers protestors,TRUE,Cairo,NONE,NONE,NONE,NONE,NONE,NONE
131,2015,11,social and workers protestors,TRUE,Cairo,NONE,NONE,NONE,NONE,NONE,NONE
132,2015,11,social and workers protestors,FALSE,شرم الشيخ,NONE,NONE,NONE,NONE,NONE,NONE
133,2015,11,social and workers protestors,TRUE,Cairo,NONE,NONE,NONE,NONE,NONE,NONE
134,2015,11,social and workers protestors,FALSE,Cairo,NONE,NONE,NONE,NONE,NONE,NONE
135,2015,11,social and workers protestors,FALSE,الزقازيق,NONE,NONE,NONE,NONE,NONE,NONE
136,2015,11,social and workers protestors,FALSE,Cairo,NONE,NONE,NONE,NONE,NONE,NONE
137,2015,11,social and workers protestors,FALSE,Cairo,NONE,NONE,NONE,NONE,NONE,NONE
138,2015,11,social and workers protestors,FALSE,Alexandria,NONE,NONE,NONE,NONE,NONE,NONE
139,2015,11,social and workers protestors,FALSE,Cairo,NONE,NONE,NONE,NONE,NONE,NONE
140,2015,11,social and workers protestors,FALSE,القليوبية,NONE,NONE,NONE,NONE,NONE,NONE
141,2015,11,social and workers protestors,FALSE,Cairo,NONE,NONE,NONE,NONE,NONE,NONE
142,2015,11,social and workers protestors,FALSE,البحيرة,NONE,NONE,NONE,NONE,NONE,NONE
143,2015,11,social and workers protestors,FALSE,الغردقة,NONE,NONE,NONE,NONE,NONE,NONE
144,2015,11,social and workers protestors,FALSE,الوادي الجديد,NONE,NONE,NONE,NONE,NONE,NONE
145,2015,11,social and workers protestors,FALSE,طنطا,NONE,NONE,NONE,NONE,NONE,NONE
146,2015,11,social and workers protestors,FALSE,,NONE,NONE,NONE,NONE,NONE,NONE
147,2015,3,Civil Protesters,FALSE,Cairo,NONE,NONE,NONE,NONE,NONE,NONE
148,2015,3,Civil Protesters,FALSE,Cairo,NONE,NONE,NONE,NONE,NONE,NONE
149,2015,3,Civil Protesters,TRUE,6 اكتوبر,NONE,NONE,NONE,NONE,NONE,NONE
150,2015,3,Civil Protesters,FALSE,Cairo,NONE,NONE,الشرطة.. شهداء وخطايا,NONE,NONE,NONE
151,2015,3,Civil Protesters,FALSE,Cairo,NONE,NONE,NONE,NONE,NONE,NONE
152,2015,3,Muslim Brotherhood,TRUE,Cairo,NONE,NONE,يسقط حكم العسكر، وقوات الامن تتدخل لفض التظاهرة وتطلق الخرطوش ونتج عنه اصابة شاب من المشاركين فى التظاهرة بطلق ناري,NONE,NONE,NONE
153,2015,3,Muslim Brotherhood,FALSE,الشرقية,NONE,NONE,يسقط حكم العسكر,NONE,NONE,NONE
154,2015,3,Muslim Brotherhood,FALSE,Cairo,NONE,NONE,يسقط حكم العسكر,NONE,NONE,NONE
155,2015,3,Muslim Brotherhood,FALSE,الشرقية,NONE,NONE,يسقط حكم العسكر,NONE,NONE,NONE
156,2015,3,Muslim Brotherhood,TRUE,Cairo,NONE,NONE,تعرضت لاعتداءات,NONE,NONE,NONE
157,2015,3,Muslim Brotherhood,FALSE,Cairo,NONE,NONE,يسقط حكم العسكر,NONE,NONE,NONE
158,2015,3,Muslim Brotherhood,FALSE,Alexandria,NONE,NONE,NONE,NONE,NONE,NONE
159,2015,3,Muslim Brotherhood,FALSE,الهرم,NONE,NONE,الثورة لن تركع,NONE,NONE,NONE
160,2015,3,Muslim Brotherhood,TRUE,ناهيا,NONE,NONE,تعرضت لاعتداءات,NONE,NONE,NONE
161,2015,3,Muslim Brotherhood,FALSE,كرداسة,NONE,NONE,اوقفوا اعدام الوطن,NONE,NONE,NONE
162,2015,3,Muslim Brotherhood,FALSE,الشرقية,NONE,NONE,NONE,NONE,NONE,NONE
163,2015,3,Muslim Brotherhood,TRUE,الهرم,NONE,NONE,تعرضت لاعتداءات,NONE,NONE,NONE
164,2015,3,Muslim Brotherhood,FALSE,ناهيا,NONE,NONE,اوقفوا اعدام الوطن,NONE,NONE,NONE
165,2015,3,Muslim Brotherhood,FALSE,Alexandria,NONE,NONE,اوقفوا اعدام الوطن,NONE,NONE,NONE
166,2015,3,Muslim Brotherhood,FALSE,الفيوم,NONE,NONE,اوقفوا اعدام الوطن,NONE,NONE,NONE
167,2015,3,Muslim Brotherhood,FALSE,الشرقية,NONE,NONE,الصمود طريق النصر,NONE,NONE,NONE
168,2015,3,Muslim Brotherhood,FALSE,المهندسين,NONE,NONE,الصمود طريق النصر,NONE,NONE,NONE
169,2015,3,Muslim Brotherhood,TRUE,الشرقية,NONE,NONE,الصمود طريق النصر,NONE,NONE,NONE
170,2015,3,Muslim Brotherhood,TRUE,المطرية,NONE,NONE,NONE,NONE,NONE,NONE
171,2015,3,Muslim Brotherhood,FALSE,Alexandria,NONE,NONE,NONE,NONE,NONE,NONE
172,2015,3,Muslim Brotherhood,FALSE,الجيزة,NONE,NONE,تعرضت لاعتداءات,NONE,NONE,NONE
173,2015,3,Muslim Brotherhood,TRUE,الجيزة,NONE,NONE,NONE,NONE,NONE,NONE
174,2015,3,Muslim Brotherhood,TRUE,الجيزة,NONE,NONE,تعرضت لاعتداءات,NONE,NONE,NONE
175,2015,3,Muslim Brotherhood,TRUE,الهرم,NONE,NONE,NONE,NONE,NONE,NONE
176,2015,3,Muslim Brotherhood,FALSE,المقطم,NONE,NONE,الشعب يحيى صمود الرؤئيس,NONE,NONE,NONE
177,2015,3,Muslim Brotherhood,FALSE,الجيزة,NONE,NONE,NONE,NONE,NONE,NONE
178,2015,3,Muslim Brotherhood,FALSE,Alexandria,NONE,NONE,الشرعية راجعة ،،،، قادم قادم يا اسلام,NONE,NONE,NONE
179,2015,3,Student,TRUE,Cairo,NONE,NONE,الصمود طريق النصر,NONE,NONE,NONE
180,2015,3,Student,TRUE,Cairo,NONE,NONE,NONE,NONE,NONE,NONE
181,2015,3,Student,FALSE,Cairo,NONE,NONE,NONE,NONE,NONE,NONE
182,2015,3,Student,FALSE,Alexandria,NONE,NONE,NONE,NONE,NONE,NONE
183,2015,3,Student,FALSE,Cairo,NONE,NONE,طلاب ضد الانقلاب,NONE,NONE,NONE
184,2015,3,Student,FALSE,Cairo,NONE,NONE,NONE,NONE,NONE,NONE
185,2015,3,Student,FALSE,Alexandria,NONE,NONE,NONE,NONE,NONE,NONE
186,2015,3,Student,TRUE,Cairo,NONE,NONE,NONE,NONE,NONE,NONE
187,2015,3,Student,TRUE,Cairo,NONE,NONE,NONE,NONE,NONE,NONE
188,2015,3,Student,FALSE,Cairo,NONE,NONE,NONE,NONE,NONE,NONE
189,2015,3,Student,FALSE,دمنهور,NONE,NONE,NONE,NONE,NONE,NONE
190,2015,3,Pro Protesters,FALSE,كفر الشيخ,NONE,NONE,NONE,NONE,NONE,NONE
191,2015,3,Pro Protesters,FALSE,كفر الشيح,NONE,NONE,الشعب يريد اعدام الاخوان,NONE,NONE,NONE
192,2015,3,social and workers protestors,FALSE,Cairo,NONE,NONE,NONE,NONE,NONE,NONE
193,2015,3,social and workers protestors,TRUE,الدقهلية,NONE,NONE,NONE,NONE,NONE,NONE
194,2015,3,social and workers protestors,FALSE,Cairo,NONE,NONE,NONE,NONE,NONE,NONE
195,2015,3,social and workers protestors,FALSE,الدقهلية,NONE,NONE,NONE,NONE,NONE,NONE
196,2015,3,social and workers protestors,FALSE,Cairo,NONE,NONE,NONE,NONE,NONE,NONE
197,2015,3,social and workers protestors,FALSE,Cairo,NONE,NONE,NONE,NONE,NONE,NONE
198,2015,3,social and workers protestors,FALSE,البحر الاحمر,NONE,NONE,NONE,NONE,NONE,NONE
199,2015,3,social and workers protestors,FALSE,Cairo,NONE,NONE,NONE,NONE,NONE,NONE
200,2015,3,social and workers protestors,FALSE,Cairo,NONE,NONE,1،2 مرتباتنا فين,NONE,NONE,NONE
201,2015,3,social and workers protestors,TRUE,Cairo,NONE,NONE,NONE,NONE,NONE,NONE
202,2015,3,social and workers protestors,FALSE,Cairo,NONE,NONE,NONE,NONE,NONE,NONE
203,2015,3,social and workers protestors,FALSE,Cairo,NONE,NONE,NONE,NONE,NONE,NONE
204,2015,3,social and workers protestors,FALSE,Cairo,NONE,NONE,NONE,NONE,NONE,NONE
205,2015,6,Civil Protesters,TRUE,Cairo,NONE,NONE,الحرية للمعتقلين,NONE,NONE,NONE
206,2015,6,Civil Protesters,FALSE,Cairo,NONE,NONE,الحرية للمعتقلين,NONE,NONE,NONE
207,2015,6,Civil Protesters,FALSE,مصر,NONE,NONE,NONE,NONE,NONE,NONE
208,2015,6,Civil Protesters,FALSE,دمياط,NONE,NONE,NONE,NONE,NONE,NONE
209,2015,6,Civil Protesters,FALSE,Cairo,NONE,NONE,NONE,NONE,NONE,NONE
210,2015,6,Civil Protesters,FALSE,Cairo,NONE,NONE,NONE,NONE,NONE,NONE
211,2015,6,Civil Protesters,FALSE,Cairo,NONE,NONE,NONE,NONE,NONE,NONE
212,2015,6,Civil Protesters,FALSE,Cairo,NONE,NONE,NONE,NONE,NONE,NONE
213,2015,6,Civil Protesters,FALSE,Cairo,NONE,NONE,NONE,NONE,NONE,NONE
214,2015,6,Muslim Brotherhood,FALSE,الشرقية,NONE,NONE,NONE,NONE,NONE,NONE
215,2015,6,Muslim Brotherhood,FALSE,Cairo,NONE,NONE,الثورة تطارد الانقلاب,NONE,NONE,NONE
216,2015,6,Muslim Brotherhood,TRUE,Cairo,NONE,NONE,الثورة تطارد الانقلاب,NONE,NONE,NONE
217,2015,6,Muslim Brotherhood,FALSE,Cairo,NONE,NONE,الثورة تطارد الانقلاب,NONE,NONE,NONE
218,2015,6,Muslim Brotherhood,TRUE,الجيزة,NONE,NONE,الثورة تطارد الانقلاب,NONE,NONE,NONE
219,2015,6,Muslim Brotherhood,TRUE,الجيزة,NONE,NONE,الثورة تطارد الانقلاب,NONE,NONE,NONE
220,2015,6,Muslim Brotherhood,FALSE,الجيزة,NONE,NONE,الثورة تطارد الانقلاب,NONE,NONE,NONE
221,2015,6,Muslim Brotherhood,TRUE,الجيزة,NONE,NONE,يسقط حكم العسكر,NONE,NONE,NONE
222,2015,6,Muslim Brotherhood,FALSE,Alexandria,NONE,NONE,يسقط حكم العسكر,NONE,NONE,NONE
223,2015,6,Muslim Brotherhood,FALSE,حلوان,NONE,NONE,يسقط حكم العسكر,NONE,NONE,NONE
224,2015,6,Muslim Brotherhood,FALSE,الشرقية,NONE,NONE,يسقط حكم العسكر,NONE,NONE,NONE
225,2015,6,Muslim Brotherhood,FALSE,الشرقية,NONE,NONE,يسقط حكم العسكر,NONE,NONE,NONE
226,2015,6,Muslim Brotherhood,FALSE,الجيزة,NONE,NONE,يسقط حكم العسكر,NONE,NONE,NONE
227,2015,6,Muslim Brotherhood,FALSE,البحيرة,NONE,NONE,يسقط حكم العسكر,NONE,NONE,NONE
228,2015,6,Muslim Brotherhood,FALSE,بني سويف,NONE,NONE,يسقط حكم العسكر,NONE,NONE,NONE
229,2015,6,Muslim Brotherhood,TRUE,Cairo,NONE,NONE,اثورة تطارد الانقلاب,NONE,NONE,NONE
230,2015,6,Muslim Brotherhood,TRUE,Cairo,NONE,NONE,بسواعنا نسترد ثورتنا,NONE,NONE,NONE
231,2015,6,Muslim Brotherhood,TRUE,Cairo,NONE,NONE,بسواعدنا نسترد ثورتنا,NONE,NONE,NONE
232,2015,6,Muslim Brotherhood,FALSE,حلوان,NONE,NONE,بسواعدنا نسترد ثورتنا,NONE,NONE,NONE
233,2015,6,Muslim Brotherhood,FALSE,Cairo,NONE,NONE,بسواعدنا نسترد  ثورتنا,NONE,NONE,NONE
234,2015,6,Muslim Brotherhood,FALSE,الجيزة,NONE,NONE,بسواعدنا نسترد  ثورتنا,NONE,NONE,NONE
235,2015,6,Muslim Brotherhood,FALSE,الجيزة,NONE,NONE,بسواعدنا نسترد ثورتنا,NONE,NONE,NONE
236,2015,6,Muslim Brotherhood,TRUE,الجيزة,NONE,NONE,بسواعدناثورتنا  نسترد,NONE,NONE,NONE
237,2015,6,Muslim Brotherhood,FALSE,الجيزة,NONE,NONE,بسواعدنا نسترد ثورتنا,NONE,NONE,NONE
238,2015,6,Muslim Brotherhood,FALSE,الجيزة,NONE,NONE,بسواعدنا نسترد ثورتنا,NONE,NONE,NONE
239,2015,6,Muslim Brotherhood,FALSE,الجيزة,NONE,NONE,بسواعدنا نسترد ثورتنا,NONE,NONE,NONE
240,2015,6,Muslim Brotherhood,FALSE,Cairo,NONE,NONE,بسواعدنا نسترد ثورتنا,NONE,NONE,NONE
241,2015,6,Muslim Brotherhood,FALSE,الفيوم,NONE,NONE,بسواعدنا نسترد ثورتنا,NONE,NONE,NONE
242,2015,6,Muslim Brotherhood,FALSE,بني سويف,NONE,NONE,بسواعدنا نسترد ثورتنا,NONE,NONE,NONE
243,2015,6,Muslim Brotherhood,FALSE,الشرقية,NONE,NONE,بسواعدنا نسترد ثورتنا,NONE,NONE,NONE
244,2015,6,Muslim Brotherhood,FALSE,Alexandria,NONE,NONE,بسواعدنا نسترد ثورتنا,NONE,NONE,NONE
245,2015,6,Muslim Brotherhood,TRUE,Alexandria,NONE,NONE,NONE,NONE,NONE,NONE
246,2015,6,Muslim Brotherhood,TRUE,Cairo,NONE,NONE,يسقط حكم العسكر,NONE,NONE,NONE
247,2015,6,Muslim Brotherhood,FALSE,الجيزة,NONE,NONE,يسقط حكم العسكر,NONE,NONE,NONE
248,2015,6,Muslim Brotherhood,FALSE,الجيزة,NONE,NONE,يسقط حكم العسكر,NONE,NONE,NONE
249,2015,6,Muslim Brotherhood,FALSE,الجيزة,NONE,NONE,يسقط حكم العسكر,NONE,NONE,NONE
250,2015,6,Muslim Brotherhood,FALSE,Cairo,NONE,NONE,يسقط حكم العسكر,NONE,NONE,NONE
251,2015,6,Muslim Brotherhood,FALSE,Cairo,NONE,NONE,يسقط حكم العسكر,NONE,NONE,NONE
252,2015,6,Muslim Brotherhood,TRUE,Cairo,NONE,NONE,يسقط حكم العسكر,NONE,NONE,NONE
253,2015,6,Muslim Brotherhood,FALSE,الفيوم,NONE,NONE,يسقط حكم العسكر,NONE,NONE,NONE
254,2015,6,Muslim Brotherhood,FALSE,الشرقية,NONE,NONE,يسقط حكم العسكر,NONE,NONE,NONE
255,2015,6,Muslim Brotherhood,FALSE,الشرقية,NONE,NONE,يسقط حكم العسكر,NONE,NONE,NONE
256,2015,6,Muslim Brotherhood,FALSE,المنيا,NONE,NONE,يسقط حكم العسكر,NONE,NONE,NONE
257,2015,6,Muslim Brotherhood,FALSE,Alexandria,NONE,NONE,يسقط حكم العسكر,NONE,NONE,NONE
258,2015,6,Muslim Brotherhood,FALSE,الدقهلية,NONE,NONE,يسقط حكم العسكر,NONE,NONE,NONE
259,2015,6,Muslim Brotherhood,TRUE,الجيزة,NONE,NONE,يسقط حكم العسكر,NONE,NONE,NONE
260,2015,6,Muslim Brotherhood,FALSE,Cairo,NONE,NONE,يسقط حكم العسكر,NONE,NONE,NONE
261,2015,6,Muslim Brotherhood,TRUE,Cairo,NONE,NONE,يسقط حكم العسكر,NONE,NONE,NONE
262,2015,6,Muslim Brotherhood,TRUE,Cairo,NONE,NONE,يسقط حكم العسكر,NONE,NONE,NONE
263,2015,6,Muslim Brotherhood,TRUE,Cairo,NONE,NONE,يسقط حكم العسكر,NONE,NONE,NONE
264,2015,6,Muslim Brotherhood,TRUE,الجيزة,NONE,NONE,يسقط حكم العسكر,NONE,NONE,NONE
265,2015,6,Muslim Brotherhood,TRUE,الجيزة,NONE,NONE,يسقط حكم العسكر,NONE,NONE,NONE
266,2015,6,Muslim Brotherhood,FALSE,الجيزة,NONE,NONE,يسقط حكم العسكر,NONE,NONE,NONE
267,2015,6,Muslim Brotherhood,FALSE,الجيزة,NONE,NONE,يسقط حكم العسكر,NONE,NONE,NONE
268,2015,6,Muslim Brotherhood,FALSE,Alexandria,NONE,NONE,يسقط حكم العسكر,NONE,NONE,NONE
269,2015,6,Muslim Brotherhood,FALSE,Alexandria,NONE,NONE,يسقط حكم العسكر,NONE,NONE,NONE
270,2015,6,Muslim Brotherhood,FALSE,المنيا,NONE,NONE,يسقط حكم العسكر,NONE,NONE,NONE
271,2015,6,Muslim Brotherhood,FALSE,الفيوم,NONE,NONE,يسقط حكم العسكر,NONE,NONE,NONE
272,2015,6,Muslim Brotherhood,FALSE,بني سويف,NONE,NONE,يسقط حكم العسكر,NONE,NONE,NONE
273,2015,6,Muslim Brotherhood,FALSE,الشرقية,NONE,NONE,يسقط حكم العسكر,NONE,NONE,NONE
274,2015,6,Muslim Brotherhood,FALSE,حلوان,NONE,NONE,الارهاب انت اللى صنعته,NONE,NONE,NONE
275,2015,6,Student,FALSE,Cairo,NONE,NONE,NONE,NONE,NONE,NONE
276,2015,6,social and workers protestors,FALSE,Cairo,NONE,NONE,NONE,NONE,NONE,NONE
277,2015,6,social and workers protestors,FALSE,Cairo,NONE,NONE,NONE,NONE,NONE,NONE
278,2015,6,social and workers protestors,TRUE,طنطا,NONE,NONE,NONE,NONE,NONE,NONE
279,2015,6,social and workers protestors,FALSE,قنا,NONE,NONE,NONE,NONE,NONE,NONE
280,2015,6,social and workers protestors,FALSE,Cairo,NONE,NONE,NONE,NONE,NONE,NONE
281,2015,6,social and workers protestors,FALSE,Cairo,NONE,NONE,NONE,NONE,NONE,NONE
282,2015,8,Civil Protesters,FALSE,Cairo,NONE,NONE,NONE,NONE,NONE,NONE
283,2015,8,Civil Protesters,FALSE,Cairo,NONE,NONE,NONE,NONE,NONE,NONE
284,2015,8,Civil Protesters,FALSE,Cairo,NONE,NONE,NONE,NONE,NONE,NONE
285,2015,8,Civil Protesters,FALSE,Cairo,NONE,NONE,NONE,NONE,NONE,NONE
286,2015,8,Civil Protesters,TRUE,Cairo,NONE,NONE,NONE,NONE,NONE,NONE
287,2015,8,Civil Protesters,FALSE,Cairo,NONE,NONE,NONE,NONE,NONE,NONE
288,2015,8,Civil Protesters,FALSE,Cairo,NONE,NONE,NONE,NONE,NONE,NONE
289,2015,8,Muslim Brotherhood,TRUE,الجيزة,NONE,NONE,مصر تنتفض,NONE,NONE,NONE
290,2015,8,Muslim Brotherhood,TRUE,Cairo,NONE,NONE,مصر تنتفض,NONE,NONE,NONE
291,2015,8,Muslim Brotherhood,FALSE,الجيزة,NONE,NONE,NONE,NONE,NONE,NONE
292,2015,8,Muslim Brotherhood,FALSE,الشرقية,NONE,NONE,مصر تنتفض,NONE,NONE,NONE
293,2015,8,Muslim Brotherhood,FALSE,دمياط,NONE,NONE,NONE,NONE,NONE,NONE
294,2015,8,Muslim Brotherhood,FALSE,الفيوم,NONE,NONE,مصر تنتفض,NONE,NONE,NONE
295,2015,8,Muslim Brotherhood,TRUE,Cairo,NONE,NONE,رابعة الارض لا تشرب الدماء,NONE,NONE,NONE
296,2015,8,Muslim Brotherhood,FALSE,Cairo,NONE,NONE,رابعة الارض لا تشرب الدماء,NONE,NONE,NONE
297,2015,8,Muslim Brotherhood,FALSE,الجيزة,NONE,NONE,يسقط حكم العسكر,NONE,NONE,NONE
298,2015,8,Muslim Brotherhood,TRUE,الجيزة,NONE,NONE,رابعة الارض لا تشرب الدماء,NONE,NONE,NONE
299,2015,8,Muslim Brotherhood,FALSE,الشرقية,NONE,NONE,رابعة الارض لا تشرب الدماء,NONE,NONE,NONE
300,2015,8,Muslim Brotherhood,FALSE,الفيوم,NONE,NONE,رابعة الارض لا تشرب الدماء,NONE,NONE,NONE
301,2015,8,Muslim Brotherhood,FALSE,دمياط,NONE,NONE,رابعة الارض لا تشرب الدماء,NONE,NONE,NONE
302,2015,8,Muslim Brotherhood,TRUE,Alexandria,NONE,NONE,رابعة الارض لا تشرب الدماء,NONE,NONE,NONE
303,2015,8,Muslim Brotherhood,FALSE,بني سويف,NONE,NONE,رابعة الارض لا تشرب الدماء,NONE,NONE,NONE
304,2015,8,Muslim Brotherhood,TRUE,Cairo,NONE,NONE,NONE,NONE,NONE,NONE
305,2015,8,Muslim Brotherhood,TRUE,Cairo,NONE,NONE,يسقط حكم العسكر,NONE,NONE,NONE
306,2015,8,Muslim Brotherhood,TRUE,الجيزة,NONE,NONE,NONE,NONE,NONE,NONE
307,2015,8,Muslim Brotherhood,FALSE,الجيزة,NONE,NONE,NONE,NONE,NONE,NONE
308,2015,8,Muslim Brotherhood,TRUE,الجيزة,NONE,NONE,رابعة رمز الصمود,NONE,NONE,NONE
309,2015,8,Muslim Brotherhood,TRUE,Cairo,NONE,NONE,NONE,NONE,NONE,NONE
310,2015,8,Muslim Brotherhood,FALSE,الشرقية,NONE,NONE,NONE,NONE,NONE,NONE
311,2015,8,Muslim Brotherhood,FALSE,الدقهلية,NONE,NONE,NONE,NONE,NONE,NONE
312,2015,8,Muslim Brotherhood,TRUE,دمياط,NONE,NONE,NONE,NONE,NONE,NONE
313,2015,8,Muslim Brotherhood,FALSE,البحيرة,NONE,NONE,NONE,NONE,NONE,NONE
314,2015,8,Muslim Brotherhood,FALSE,Alexandria,NONE,NONE,NONE,NONE,NONE,NONE
315,2015,8,Muslim Brotherhood,FALSE,Cairo,NONE,NONE,الثورة أمل الفقراء والمظلومين,NONE,NONE,NONE
316,2015,8,Muslim Brotherhood,TRUE,Cairo,NONE,NONE,الثورة أمل الفقراء والمظلومين,NONE,NONE,NONE
317,2015,8,Muslim Brotherhood,TRUE,Cairo,NONE,NONE,الثورة أمل الفقراء والمظلومين,NONE,NONE,NONE
318,2015,8,Muslim Brotherhood,FALSE,Cairo,NONE,NONE,الثورة أمل الفقراء والمظلومين,NONE,NONE,NONE
319,2015,8,Muslim Brotherhood,FALSE,Cairo,NONE,NONE,الثورة أمل الفقراء والمظلومين,NONE,NONE,NONE
320,2015,8,Muslim Brotherhood,TRUE,الجيزة,NONE,NONE,الثورة امل الفقراء والمظلومين,NONE,NONE,NONE
321,2015,8,Muslim Brotherhood,TRUE,الجيزة,NONE,NONE,الثورة امل الفقراء والمظلومين,NONE,NONE,NONE
322,2015,8,Muslim Brotherhood,TRUE,الجيزة,NONE,NONE,الثورة امل الفقراء والمظلومين,NONE,NONE,NONE
323,2015,8,Muslim Brotherhood,FALSE,دمياط,NONE,NONE,الثورة أمل الفقراء والمظلومين,NONE,NONE,NONE
324,2015,8,Muslim Brotherhood,FALSE,القليوبية,NONE,NONE,الثورة أمل الفقراء والمظلومين,NONE,NONE,NONE
325,2015,8,Muslim Brotherhood,FALSE,الفيوم,NONE,NONE,الثورة أمل الفقراء والمظلومين,NONE,NONE,NONE
326,2015,8,Muslim Brotherhood,FALSE,بني سويف,NONE,NONE,الثورة أمل الفقراء والمظلومين,NONE,NONE,NONE
327,2015,8,Muslim Brotherhood,FALSE,الدقهلية,NONE,NONE,الثورة أمل الفقراء والمظلومين,NONE,NONE,NONE
328,2015,8,Muslim Brotherhood,FALSE,Alexandria,NONE,NONE,الثورة أمل الفقراء والمظلومين,NONE,NONE,NONE
329,2015,8,Muslim Brotherhood,FALSE,الشرقية,NONE,NONE,الثورة أمل الفقراء والمظلومين,NONE,NONE,NONE
330,2015,8,Muslim Brotherhood,FALSE,المنوفية,NONE,NONE,الثورة أمل الفقراء والمظلومين,NONE,NONE,NONE
331,2015,8,Muslim Brotherhood,FALSE,كفر الشيخ,NONE,NONE,الثورة أمل الفقراء والمظلومين,NONE,NONE,NONE
332,2015,8,Student,FALSE,Cairo,NONE,NONE,NONE,NONE,NONE,NONE
333,2015,8,Student,TRUE,Cairo,NONE,NONE,NONE,NONE,NONE,NONE
334,2015,8,Pro Protesters,FALSE,Alexandria,NONE,NONE,NONE,NONE,NONE,NONE
335,2015,8,social and workers protestors,FALSE,Alexandria,NONE,NONE,NONE,NONE,NONE,NONE
336,2015,8,social and workers protestors,FALSE,Cairo,NONE,NONE,NONE,NONE,NONE,NONE
337,2015,8,social and workers protestors,FALSE,الاسماعيلية,NONE,NONE,NONE,NONE,NONE,NONE
338,2015,8,social and workers protestors,FALSE,السويس,NONE,NONE,NONE,NONE,NONE,NONE
339,2015,8,social and workers protestors,FALSE,الشرقية,NONE,NONE,NONE,NONE,NONE,NONE
340,2015,8,social and workers protestors,TRUE,الشرقية,NONE,NONE,NONE,NONE,NONE,NONE
341,2015,8,social and workers protestors,FALSE,Cairo,NONE,NONE,NONE,NONE,NONE,NONE
342,2015,8,social and workers protestors,FALSE,Cairo,NONE,NONE,NONE,NONE,NONE,NONE
343,2015,8,social and workers protestors,FALSE,Alexandria,NONE,NONE,NONE,NONE,NONE,NONE
344,2015,9,Muslim Brotherhood,FALSE,Cairo,NONE,NONE,يسقط حكم العسكر,NONE,NONE,NONE
345,2015,9,Muslim Brotherhood,TRUE,Cairo,NONE,NONE,يسقط حكم العسكر,NONE,NONE,NONE
346,2015,9,Muslim Brotherhood,TRUE,Cairo,NONE,NONE,يسقط حكم العسكر,NONE,NONE,NONE
347,2015,9,Muslim Brotherhood,TRUE,الجيزة,NONE,NONE,يسقط حكم العسكر,NONE,NONE,NONE
348,2015,9,Muslim Brotherhood,TRUE,الجيزة,NONE,NONE,يسقط حكم العسكر,NONE,NONE,NONE
349,2015,9,Muslim Brotherhood,TRUE,الجيزة,NONE,NONE,يسقط حكم العسكر,NONE,NONE,NONE
350,2015,9,Muslim Brotherhood,FALSE,الجيزة,NONE,NONE,يسقط حكم العسكر,NONE,NONE,NONE
351,2015,9,Muslim Brotherhood,FALSE,الجيزة,NONE,NONE,يسقط حكم العسكر,NONE,NONE,NONE
352,2015,9,Muslim Brotherhood,FALSE,الجيزة,NONE,NONE,يسقط حكم العسكر,NONE,NONE,NONE
353,2015,9,Muslim Brotherhood,FALSE,الجيزة,NONE,NONE,يسقط حكم العسكر,NONE,NONE,NONE
354,2015,9,Muslim Brotherhood,FALSE,الشرقية,NONE,NONE,يسقط حكم العسكر,NONE,NONE,NONE
355,2015,9,Muslim Brotherhood,FALSE,الشرقية,NONE,NONE,يسقط حكم العسكر,NONE,NONE,NONE
356,2015,9,Muslim Brotherhood,FALSE,Alexandria,NONE,NONE,يسقط حكم العسكر,NONE,NONE,NONE
357,2015,9,Muslim Brotherhood,FALSE,الفيوم,NONE,NONE,يسقط حكم العسكر,NONE,NONE,NONE
358,2015,9,Muslim Brotherhood,FALSE,بني سويف,NONE,NONE,يسقط حكم العسكر,NONE,NONE,NONE
359,2015,9,Muslim Brotherhood,FALSE,دمياط,NONE,NONE,يسقط حكم العسكر,NONE,NONE,NONE
360,2015,9,Muslim Brotherhood,FALSE,كفر الشيخ,NONE,NONE,يسقط حكم العسكر,NONE,NONE,NONE
361,2015,9,Muslim Brotherhood,FALSE,الدقهلية,NONE,NONE,يسقط حكم العسكر,NONE,NONE,NONE
362,2015,9,Muslim Brotherhood,FALSE,المنوفية,NONE,NONE,يسقط حكم العسكر,NONE,NONE,NONE
363,2015,9,Muslim Brotherhood,FALSE,المنوفية,NONE,NONE,يسقط حكم العسكر,NONE,NONE,NONE
364,2015,9,Muslim Brotherhood,TRUE,Cairo,NONE,NONE,يسقط حكم العسكر,NONE,NONE,NONE
365,2015,9,Muslim Brotherhood,TRUE,Cairo,NONE,NONE,يسقط حكم العسكر,NONE,NONE,NONE
366,2015,9,Muslim Brotherhood,TRUE,Cairo,NONE,NONE,يسقط حكم العسكر,NONE,NONE,NONE
367,2015,9,Muslim Brotherhood,FALSE,Cairo,NONE,NONE,يسقط حكم العسكر,NONE,NONE,NONE
368,2015,9,Muslim Brotherhood,FALSE,Cairo,NONE,NONE,يسقط حكم العسكر,NONE,NONE,NONE
369,2015,9,Muslim Brotherhood,TRUE,الجيزة,NONE,NONE,يسقط حكم العسكر,NONE,NONE,NONE
370,2015,9,Muslim Brotherhood,FALSE,الجيزة,NONE,NONE,يسقط حكم العسكر,NONE,NONE,NONE
371,2015,9,Muslim Brotherhood,TRUE,الجيزة,NONE,NONE,يسقط حكم العسكر,NONE,NONE,NONE
372,2015,9,Muslim Brotherhood,FALSE,الجيزة,NONE,NONE,يسقط حكم العسكر,NONE,NONE,NONE
373,2015,9,Muslim Brotherhood,FALSE,القليوبية,NONE,NONE,يسقط حكم العسكر,NONE,NONE,NONE
374,2015,9,Muslim Brotherhood,FALSE,الدقهلية,NONE,NONE,يسقط حكم العسكر,NONE,NONE,NONE
375,2015,9,Muslim Brotherhood,TRUE,الدقهلية,NONE,NONE,يسقط حكم العسكر,NONE,NONE,NONE
376,2015,9,Muslim Brotherhood,FALSE,الدقهلية,NONE,NONE,يسقط حكم العسكر,NONE,NONE,NONE
377,2015,9,Muslim Brotherhood,FALSE,الشرقية,NONE,NONE,يسقط حكم العسكر,NONE,NONE,NONE
378,2015,9,Muslim Brotherhood,FALSE,الشرقية,NONE,NONE,يسقط حكم العسكر,NONE,NONE,NONE
379,2015,9,Muslim Brotherhood,FALSE,الغربية,NONE,NONE,يسقط حكم العسكر,NONE,NONE,NONE
380,2015,9,Muslim Brotherhood,FALSE,كفر الشيخ,NONE,NONE,يسقط حكم العسكر,NONE,NONE,NONE
381,2015,9,Muslim Brotherhood,FALSE,بني سويف,NONE,NONE,يسقط حكم العسكر,NONE,NONE,NONE
382,2015,9,Muslim Brotherhood,FALSE,دمياط,NONE,NONE,يسقط حكم العسكر,NONE,NONE,NONE
383,2015,9,Muslim Brotherhood,FALSE,الغربية,NONE,NONE,يسقط حكم العسكر,NONE,NONE,NONE
384,2015,9,Muslim Brotherhood,TRUE,شمال سيناء,NONE,NONE,يسقط حكم العسكر,NONE,NONE,NONE
385,2015,9,Muslim Brotherhood,FALSE,البحيرة,NONE,NONE,يسقط حكم العسكر,NONE,NONE,NONE
386,2015,9,Muslim Brotherhood,FALSE,Alexandria,NONE,NONE,يسقط حكم العسكر,NONE,NONE,NONE
387,2015,9,Muslim Brotherhood,FALSE,القليوبية,NONE,NONE,NONE,NONE,NONE,NONE
388,2015,9,Muslim Brotherhood,FALSE,الشرقية,NONE,NONE,NONE,NONE,NONE,NONE
389,2015,9,Muslim Brotherhood,FALSE,الشرقية,NONE,NONE,NONE,NONE,NONE,NONE
390,2015,9,Muslim Brotherhood,FALSE,الجيزة,NONE,NONE,NONE,NONE,NONE,NONE
391,2015,9,Muslim Brotherhood,FALSE,الجيزة,NONE,NONE,NONE,NONE,NONE,NONE
392,2015,9,Muslim Brotherhood,FALSE,Cairo,NONE,NONE,NONE,NONE,NONE,NONE
393,2015,9,Muslim Brotherhood,FALSE,الجيزة,NONE,NONE,NONE,NONE,NONE,NONE
394,2015,9,Muslim Brotherhood,TRUE,Cairo,NONE,NONE,NONE,NONE,NONE,NONE
395,2015,9,Muslim Brotherhood,TRUE,Cairo,NONE,NONE,NONE,NONE,NONE,NONE
396,2015,9,Muslim Brotherhood,TRUE,الجيزة,NONE,NONE,NONE,NONE,NONE,NONE
397,2015,9,Muslim Brotherhood,TRUE,الجيزة,NONE,NONE,NONE,NONE,NONE,NONE
398,2015,9,Muslim Brotherhood,FALSE,دمياط,NONE,NONE,NONE,NONE,NONE,NONE
399,2015,9,Muslim Brotherhood,FALSE,كفر الشيخ,NONE,NONE,NONE,NONE,NONE,NONE
400,2015,9,Muslim Brotherhood,FALSE,الفيوم,NONE,NONE,NONE,NONE,NONE,NONE
401,2015,9,Muslim Brotherhood,FALSE,Alexandria,NONE,NONE,NONE,NONE,NONE,NONE
402,2015,9,Muslim Brotherhood,FALSE,Alexandria,NONE,NONE,NONE,NONE,NONE,NONE
403,2015,9,Muslim Brotherhood,FALSE,Cairo,NONE,NONE,يسقط حكم العسكر,NONE,NONE,NONE
404,2015,9,Muslim Brotherhood,TRUE,Cairo,NONE,NONE,يسقط حكم العسكر,NONE,NONE,NONE
405,2015,9,Muslim Brotherhood,TRUE,Cairo,NONE,NONE,يسقط حكم العسكر,NONE,NONE,NONE
406,2015,9,Muslim Brotherhood,FALSE,Cairo,NONE,NONE,يسقط حكم العسكر,NONE,NONE,NONE
407,2015,9,Muslim Brotherhood,FALSE,الفيوم,NONE,NONE,يسقط حكم العسكر,NONE,NONE,NONE
408,2015,9,Muslim Brotherhood,FALSE,دمياط,NONE,NONE,يسقط حكم العسكر,NONE,NONE,NONE
409,2015,9,Muslim Brotherhood,FALSE,بني سويف,NONE,NONE,يسقط حكم العسكر,NONE,NONE,NONE
410,2015,9,Muslim Brotherhood,FALSE,Alexandria,NONE,NONE,يسقط حكم العسكر,NONE,NONE,NONE
411,2015,9,Muslim Brotherhood,FALSE,الجيزة,NONE,NONE,يسقط حكم العسكر,NONE,NONE,NONE
412,2015,9,Muslim Brotherhood,FALSE,الجيزة,NONE,NONE,يسقط حكم العسكر,NONE,NONE,NONE
413,2015,9,Muslim Brotherhood,TRUE,الجيزة,NONE,NONE,يسقط حكم العسكر,NONE,NONE,NONE
414,2015,9,Muslim Brotherhood,TRUE,الجيزة,NONE,NONE,يسقط حكم العسكر,NONE,NONE,NONE
415,2015,9,Muslim Brotherhood,TRUE,الجيزة,NONE,NONE,يسقط حكم العسكر,NONE,NONE,NONE
416,2015,9,Muslim Brotherhood,FALSE,الشرقية,NONE,NONE,يسقط حكم العسكر,NONE,NONE,NONE
417,2015,9,Student,TRUE,Cairo,NONE,NONE,NONE,NONE,NONE,NONE
418,2015,9,Student,FALSE,المنيا,NONE,NONE,NONE,NONE,NONE,NONE
419,2015,9,Student,FALSE,Alexandria,NONE,NONE,NONE,NONE,NONE,NONE
420,2015,9,Student,TRUE,Cairo,NONE,NONE,NONE,NONE,NONE,NONE
421,2015,9,Student,TRUE,Cairo,NONE,NONE,NONE,NONE,NONE,NONE
422,2015,9,Pro Protesters,FALSE,Cairo,NONE,NONE,NONE,NONE,NONE,NONE
423,2015,9,social and workers protestors,FALSE,Cairo,NONE,NONE,NONE,NONE,NONE,NONE
424,2015,9,social and workers protestors,FALSE,Cairo,NONE,NONE,NONE,NONE,NONE,NONE
425,2015,9,social and workers protestors,FALSE,Cairo,NONE,NONE,NONE,NONE,NONE,NONE
426,2015,9,social and workers protestors,FALSE,حلوان,NONE,NONE,NONE,NONE,NONE,NONE
427,2015,9,social and workers protestors,FALSE,Cairo,NONE,NONE,NONE,NONE,NONE,NONE
428,2015,9,social and workers protestors,FALSE,Cairo,NONE,NONE,NONE,NONE,NONE,NONE
429,2015,9,social and workers protestors,TRUE,الجيزة,NONE,NONE,عايزين مياه,NONE,NONE,NONE
430,2015,9,social and workers protestors,FALSE,Cairo,NONE,NONE,NONE,NONE,NONE,NONE
431,2015,9,social and workers protestors,FALSE,Alexandria,NONE,NONE,NONE,NONE,NONE,NONE
432,2015,9,social and workers protestors,TRUE,Cairo,NONE,NONE,NONE,NONE,NONE,NONE
433,2015,4,Civil Protesters,FALSE,Cairo,NONE,NONE,NONE,NONE,NONE,NONE
434,2015,4,Civil Protesters,TRUE,Cairo,NONE,NONE,NONE,NONE,NONE,NONE
435,2015,4,Civil Protesters,FALSE,Cairo,NONE,NONE,NONE,NONE,NONE,NONE
436,2015,4,Civil Protesters,FALSE,Alexandria,NONE,NONE,NONE,NONE,NONE,NONE
437,2015,4,Muslim Brotherhood,FALSE,الجيزة,NONE,NONE,العمال طليعة الثورة,NONE,NONE,NONE
438,2015,4,Muslim Brotherhood,FALSE,الجيزة,NONE,NONE,العمال طليعة الثورة,NONE,NONE,NONE
439,2015,4,Muslim Brotherhood,FALSE,امبابة,NONE,NONE,العمال طليعة الثورة,NONE,NONE,NONE
440,2015,4,Muslim Brotherhood,TRUE,Cairo,NONE,NONE,العمال طليعة الثورة,NONE,NONE,NONE
441,2015,4,Muslim Brotherhood,TRUE,الجيزة,NONE,NONE,العمال طليعة الثورة,NONE,NONE,NONE
442,2015,4,Muslim Brotherhood,FALSE,الشرقية,NONE,NONE,العمال طليعة الثورة,NONE,NONE,NONE
443,2015,4,Muslim Brotherhood,TRUE,ناهيا,NONE,NONE,العمال طليعة الثورة,NONE,NONE,NONE
444,2015,4,Muslim Brotherhood,TRUE,فيصل,NONE,NONE,العمال طليعة الثورة,NONE,NONE,NONE
445,2015,4,Muslim Brotherhood,FALSE,Alexandria,NONE,NONE,العمال طليعة الثورة,NONE,NONE,NONE
446,2015,4,Muslim Brotherhood,FALSE,المعادي,NONE,NONE,العمال طليعة الثورة,NONE,NONE,NONE
447,2015,4,Muslim Brotherhood,TRUE,دمياط,NONE,NONE,NONE,NONE,NONE,NONE
448,2015,4,Muslim Brotherhood,FALSE,ناهيا,NONE,NONE,NONE,NONE,NONE,NONE
449,2015,4,Muslim Brotherhood,TRUE,المطرية,NONE,NONE,NONE,NONE,NONE,NONE
450,2015,4,Muslim Brotherhood,FALSE,عين شمس,NONE,NONE,يسقط حكم العسكر,NONE,NONE,NONE
451,2015,4,Muslim Brotherhood,TRUE,الهرم,NONE,NONE,NONE,NONE,NONE,NONE
452,2015,4,Muslim Brotherhood,FALSE,البحيرة,NONE,NONE,NONE,NONE,NONE,NONE
453,2015,4,Muslim Brotherhood,FALSE,الشرقية,NONE,NONE,NONE,NONE,NONE,NONE
454,2015,4,Muslim Brotherhood,FALSE,المعادي,NONE,NONE,الثورة أقوى,NONE,NONE,NONE
455,2015,4,Muslim Brotherhood,FALSE,العمرانية,NONE,NONE,الثورة اقوى,NONE,NONE,NONE
456,2015,4,Muslim Brotherhood,FALSE,Alexandria,NONE,NONE,NONE,NONE,NONE,NONE
457,2015,4,Muslim Brotherhood,FALSE,Cairo,NONE,NONE,الثورة اقوى,NONE,NONE,NONE
458,2015,4,Muslim Brotherhood,TRUE,الجيزة,NONE,NONE,الثورة أقوى,NONE,NONE,NONE
459,2015,4,Muslim Brotherhood,FALSE,المنيا,NONE,NONE,الثورة أقوى,NONE,NONE,NONE
460,2015,4,Muslim Brotherhood,TRUE,الشرقية,NONE,NONE,الثورة اقوى,NONE,NONE,NONE
461,2015,4,Muslim Brotherhood,FALSE,المعادي,NONE,NONE,الثورة اقوى,NONE,NONE,NONE
462,2015,4,Muslim Brotherhood,TRUE,الفيوم,NONE,NONE,NONE,NONE,NONE,NONE
463,2015,4,Muslim Brotherhood,TRUE,Cairo,NONE,NONE,الثورة اقوى,NONE,NONE,NONE
464,2015,4,Muslim Brotherhood,TRUE,Cairo,NONE,NONE,ضد الانقلاب,NONE,NONE,NONE
465,2015,4,Muslim Brotherhood,FALSE,Cairo,NONE,NONE,ضد الانقلاب,NONE,NONE,NONE
466,2015,4,Muslim Brotherhood,TRUE,الهرم,NONE,NONE,ضد الانقلاب,NONE,NONE,NONE
467,2015,4,Muslim Brotherhood,FALSE,كرداسة,NONE,NONE,ضد الانقلاب,NONE,NONE,NONE
468,2015,4,Muslim Brotherhood,FALSE,بني سويف,NONE,NONE,ضد الانقلاب,NONE,NONE,NONE
469,2015,4,Muslim Brotherhood,FALSE,الجيزة,NONE,NONE,ضد الانقلاب,NONE,NONE,NONE
470,2015,4,Muslim Brotherhood,TRUE,Cairo,NONE,NONE,ضد الانقلاب,NONE,NONE,NONE
471,2015,4,Muslim Brotherhood,FALSE,الجيزة,NONE,NONE,ضد الانقلاب,NONE,NONE,NONE
472,2015,4,Muslim Brotherhood,FALSE,الفيوم,NONE,NONE,ضد الانقلاب,NONE,NONE,NONE
473,2015,4,Muslim Brotherhood,FALSE,الشرقية,NONE,NONE,ضد الانقلاب,NONE,NONE,NONE
474,2015,4,Muslim Brotherhood,FALSE,Alexandria,NONE,NONE,خد حقك,NONE,NONE,NONE
475,2015,4,Muslim Brotherhood,TRUE,Cairo,NONE,NONE,الصمود طريق النصر,NONE,NONE,NONE
476,2015,4,Muslim Brotherhood,TRUE,Cairo,NONE,NONE,الصمود طريق النصر,NONE,NONE,NONE
477,2015,4,Muslim Brotherhood,FALSE,الجيزة,NONE,NONE,الصمود طريق النصر,NONE,NONE,NONE
478,2015,4,Muslim Brotherhood,TRUE,كفر الشيخ,NONE,NONE,الصمود طريق النصر,NONE,NONE,NONE
479,2015,4,Muslim Brotherhood,FALSE,Cairo,NONE,NONE,الصمود طريق النصر,NONE,NONE,NONE
480,2015,4,Muslim Brotherhood,FALSE,الشرقية,NONE,NONE,الصمود طريق النصر,NONE,NONE,NONE
481,2015,4,Muslim Brotherhood,FALSE,Alexandria,NONE,NONE,الصمود طريق النصر,NONE,NONE,NONE
482,2015,4,Muslim Brotherhood,FALSE,المنيا,NONE,NONE,الصمود طريق النصر,NONE,NONE,NONE
483,2015,4,Muslim Brotherhood,FALSE,الفيوم,NONE,NONE,الصمود طريق النصر,NONE,NONE,NONE
484,2015,4,Muslim Brotherhood,TRUE,الدقهلية,NONE,NONE,الصمود طريق النصر,NONE,NONE,NONE
485,2015,4,Muslim Brotherhood,TRUE,الجيزة,NONE,NONE,الصمود طريق النصر,NONE,NONE,NONE
486,2015,4,Muslim Brotherhood,TRUE,Cairo,NONE,NONE,الصمود طريق النصر,NONE,NONE,NONE
487,2015,4,Muslim Brotherhood,FALSE,الجيزة,NONE,NONE,الصمود طريق النصر,NONE,NONE,NONE
488,2015,4,Student,FALSE,Alexandria,NONE,NONE,NONE,NONE,NONE,NONE
489,2015,4,Student,FALSE,Cairo,NONE,NONE,الفوضى أو رجوع الطلاب المفصولين,NONE,NONE,NONE
490,2015,4,Student,TRUE,الفيوم,NONE,NONE,طلاب ضد الانقلاب,NONE,NONE,NONE
491,2015,4,Student,FALSE,Cairo,NONE,NONE,NONE,NONE,NONE,NONE
492,2015,4,Student,FALSE,Cairo,NONE,NONE,طلاب ضد الانقلاب,NONE,NONE,NONE
493,2015,4,Student,FALSE,Cairo,NONE,NONE,NONE,NONE,NONE,NONE
494,2015,4,social and workers protestors,FALSE,Cairo,NONE,NONE,NONE,NONE,NONE,NONE
495,2015,4,social and workers protestors,FALSE,Alexandria,NONE,NONE,NONE,NONE,NONE,NONE
496,2015,7,Civil Protesters,FALSE,Cairo,NONE,NONE,NONE,NONE,NONE,NONE
497,2015,7,Civil Protesters,FALSE,المنيا,NONE,NONE,NONE,NONE,NONE,NONE
498,2015,7,Muslim Brotherhood,TRUE,Cairo,NONE,NONE,يسقط حكم العسكر,NONE,NONE,NONE
499,2015,7,Muslim Brotherhood,TRUE,Cairo,NONE,NONE,يسقط حكم العسكر,NONE,NONE,NONE
500,2015,7,Muslim Brotherhood,TRUE,Cairo,NONE,NONE,يسقط حكم العسكر,NONE,NONE,NONE
501,2015,7,Muslim Brotherhood,TRUE,Cairo,NONE,NONE,يسقط حكم العسكر,NONE,NONE,NONE
502,2015,7,Muslim Brotherhood,TRUE,Cairo,NONE,NONE,يسقط حكم العسكر,NONE,NONE,NONE
503,2015,7,Muslim Brotherhood,FALSE,الجيزة,NONE,NONE,يسقط حكم العسكر,NONE,NONE,NONE
504,2015,7,Muslim Brotherhood,TRUE,الجيزة,NONE,NONE,يسقط حكم العسكر,NONE,NONE,NONE
505,2015,7,Muslim Brotherhood,TRUE,الجيزة,NONE,NONE,يسقط حكم العسكر,NONE,NONE,NONE
506,2015,7,Muslim Brotherhood,FALSE,الشرقية,NONE,NONE,يسقط حكم العسكر,NONE,NONE,NONE
507,2015,7,Muslim Brotherhood,FALSE,الفيوم,NONE,NONE,يسقط حكم العسكر,NONE,NONE,NONE
508,2015,7,Muslim Brotherhood,FALSE,Alexandria,NONE,NONE,يسقط حكم العسكر,NONE,NONE,NONE
509,2015,7,Muslim Brotherhood,FALSE,Alexandria,NONE,NONE,يسقط حكم العسكر,NONE,NONE,NONE
510,2015,7,Muslim Brotherhood,FALSE,كفر الشيخ,NONE,NONE,يسقط حكم العسكر,NONE,NONE,NONE
511,2015,7,Muslim Brotherhood,FALSE,بني سويف,NONE,NONE,يسقط حكم العسكر,NONE,NONE,NONE
512,2015,7,Muslim Brotherhood,FALSE,دمياط,NONE,NONE,يسقط حكم العسكر,NONE,NONE,NONE
513,2015,7,Muslim Brotherhood,FALSE,Cairo,NONE,NONE,الانقلاب هو الارهاب,NONE,NONE,NONE
514,2015,7,Muslim Brotherhood,FALSE,Cairo,NONE,NONE,الانقلاب هو الارهاب,NONE,NONE,NONE
515,2015,7,Muslim Brotherhood,TRUE,Cairo,NONE,NONE,الانقلاب هو الارهاب,NONE,NONE,NONE
516,2015,7,Muslim Brotherhood,FALSE,Cairo,NONE,NONE,الانقلاب هو الارهاب,NONE,NONE,NONE
517,2015,7,Muslim Brotherhood,TRUE,الجيزة,NONE,NONE,الانقلاب هو الارهاب,NONE,NONE,NONE
518,2015,7,Muslim Brotherhood,TRUE,الجيزة,NONE,NONE,الانقلاب هو الارهاب,NONE,NONE,NONE
519,2015,7,Muslim Brotherhood,FALSE,القليوبية,NONE,NONE,الانقلاب هو الارهاب,NONE,NONE,NONE
520,2015,7,Muslim Brotherhood,FALSE,كفر الشيخ,NONE,NONE,الانقلاب هو الارهاب,NONE,NONE,NONE
521,2015,7,Muslim Brotherhood,FALSE,الشرقية,NONE,NONE,الانقلاب هو الارهاب,NONE,NONE,NONE
522,2015,7,Muslim Brotherhood,FALSE,الفيوم,NONE,NONE,الانقلاب هو الارهاب,NONE,NONE,NONE
523,2015,7,Muslim Brotherhood,FALSE,بني سويف,NONE,NONE,الانقلاب هو الارهاب,NONE,NONE,NONE
524,2015,7,Muslim Brotherhood,FALSE,دمياط,NONE,NONE,الانقلاب هو الارهاب,NONE,NONE,NONE
525,2015,7,Muslim Brotherhood,FALSE,Alexandria,NONE,NONE,الانقلاب هو الارهاب,NONE,NONE,NONE
526,2015,7,Muslim Brotherhood,TRUE,الجيزة,NONE,NONE,NONE,NONE,NONE,NONE
527,2015,7,Muslim Brotherhood,TRUE,Alexandria,NONE,NONE,NONE,NONE,NONE,NONE
528,2015,7,Muslim Brotherhood,TRUE,الجيزة,NONE,NONE,NONE,NONE,NONE,NONE
529,2015,7,Muslim Brotherhood,FALSE,بني سويف,NONE,NONE,NONE,NONE,NONE,NONE
530,2015,7,Muslim Brotherhood,TRUE,Cairo,NONE,NONE,NONE,NONE,NONE,NONE
531,2015,7,Muslim Brotherhood,FALSE,الغربية,NONE,NONE,NONE,NONE,NONE,NONE
532,2015,7,Muslim Brotherhood,TRUE,الجيزة,NONE,NONE,NONE,NONE,NONE,NONE
533,2015,7,Student,TRUE,Cairo,NONE,NONE,NONE,NONE,NONE,NONE
534,2015,7,social and workers protestors,FALSE,الزقازيق,NONE,NONE,NONE,NONE,NONE,NONE
535,2015,7,social and workers protestors,FALSE,الفيوم,NONE,NONE,NONE,NONE,NONE,NONE
536,2015,7,social and workers protestors,FALSE,Cairo,NONE,NONE,NONE,NONE,NONE,NONE
537,2015,7,social and workers protestors,FALSE,البحيرة,NONE,NONE,NONE,NONE,NONE,NONE
538,2015,7,social and workers protestors,FALSE,المنيا,NONE,NONE,NONE,NONE,NONE,NONE
539,2015,7,social and workers protestors,FALSE,البحيرة,NONE,NONE,NONE,NONE,NONE,NONE
540,2015,7,social and workers protestors,FALSE,Cairo,NONE,NONE,NONE,NONE,NONE,NONE
541,2015,7,social and workers protestors,FALSE,الشرقية,NONE,NONE,NONE,NONE,NONE,NONE
542,2015,7,social and workers protestors,FALSE,المنوفية,NONE,NONE,NONE,NONE,NONE,NONE
543,2015,7,social and workers protestors,FALSE,البحيرة,NONE,NONE,NONE,NONE,NONE,NONE
544,2015,7,social and workers protestors,FALSE,Cairo,NONE,NONE,NONE,NONE,NONE,NONE